0,0,3.7015652765148843e-07,62,-11,-0.03824767842888832,112,-53,-0.05656076595187187,137,-93,-0.0774143859744072,142,-129,-0.09362807869911194,100,-134,-0.009436937049031258,132,-183,-0.0707612931728363,142,-158,-0.11966083198785782,141,-127,-0.14106842875480652,69,-153,-0.014626193791627884,100,-220,-0.044126950204372406,121,-261,-0.07334228605031967,139,-301,-0.09405632317066193,34,-156,-0.03184836730360985,51,-218,-0.058986563235521317,64,-259,-0.08120710402727127,76,-298,-0.09531162679195404,-5,-145,-0.05463803932070732,7,-194,-0.07178600132465363,12,-229,-0.07840850949287415,17,-263,-0.08301497995853424
0,0,4.917356477562862e-07,60,-5,-0.03366633132100105,117,-30,-0.051846977323293686,154,-62,-0.07330971211194992,168,-98,-0.09080041199922562,111,-110,0.0044090114533901215,145,-154,-0.04408010467886925,157,-145,-0.08419027924537659,158,-123,-0.10102471709251404,88,-131,0.0005042576231062412,126,-187,-0.01981130987405777,151,-219,-0.03941899165511131,171,-248,-0.05185310170054436,60,-139,-0.014899100176990032,83,-190,-0.03412986546754837,99,-225,-0.04528576880693436,112,-254,-0.05100000649690628,25,-136,-0.035969365388154984,41,-179,-0.04926477372646332,50,-209,-0.049550216645002365,57,-238,-0.047817252576351166
0,0,3.6485877785708e-07,60,-15,-0.034841496497392654,108,-53,-0.05433668568730354,136,-91,-0.07711351662874222,142,-127,-0.09571092575788498,98,-143,-0.0038827129174023867,124,-197,-0.059516165405511856,127,-177,-0.10707986354827881,121,-149,-0.12877914309501648,66,-161,-0.009563027881085873,95,-231,-0.03606124222278595,115,-274,-0.06471216678619385,132,-316,-0.08488469570875168,30,-164,-0.026298046112060547,48,-227,-0.0491301491856575,60,-270,-0.06949702650308609,71,-308,-0.0822744071483612,-9,-153,-0.048404593020677567,3,-205,-0.06067025288939476,10,-239,-0.06347775459289551,16,-272,-0.06509631872177124
0,0,4.467730150281568e-07,62,-15,-0.04290791600942612,115,-54,-0.06727335602045059,145,-95,-0.09383638948202133,148,-135,-0.11541017144918442,103,-149,-0.0125231659039855,133,-205,-0.0786995217204094,139,-181,-0.1332046240568161,135,-149,-0.1574867218732834,69,-169,-0.015605010092258453,102,-241,-0.0470723919570446,126,-285,-0.07792630791664124,147,-329,-0.09920653700828552,33,-173,-0.03116016276180744,52,-238,-0.05651070177555084,65,-283,-0.07632510364055634,77,-323,-0.08863052725791931,-7,-162,-0.05323838070034981,5,-214,-0.0661657452583313,13,-250,-0.06841284781694412,21,-283,-0.06948699802160263
0,0,5.210514473219519e-07,71,-21,-0.054011810570955276,128,-76,-0.08297416567802429,159,-127,-0.11411655694246292,171,-175,-0.13791607320308685,108,-190,-0.015766654163599014,141,-260,-0.09862907230854034,155,-227,-0.1654738038778305,157,-186,-0.19460858404636383,67,-210,-0.019713889807462692,99,-300,-0.060910120606422424,122,-357,-0.1026909127831459,141,-416,-0.13181352615356445,23,-210,-0.03918300196528435,42,-289,-0.07273145765066147,55,-343,-0.1007286086678505,67,-394,-0.11848647892475128,-24,-193,-0.06639821827411652,-13,-256,-0.08382926136255264,-8,-299,-0.08859486877918243,-1,-342,-0.09149709343910217
0,0,5.625514063467563e-07,73,26,-0.04777304455637932,156,18,-0.07127819210290909,214,-9,-0.09826380759477615,244,-50,-0.12072240561246872,205,-73,-0.0012392638018354774,275,-100,-0.07343129068613052,271,-77,-0.13568554818630219,245,-51,-0.16404516994953156,189,-115,-0.007321312557905912,272,-162,-0.03873167559504509,324,-191,-0.07406709343194962,366,-217,-0.0993574783205986,155,-142,-0.028780214488506317,223,-190,-0.05818340182304382,268,-221,-0.08357065171003342,307,-247,-0.10059421509504318,107,-159,-0.05752095580101013,155,-200,-0.0776892602443695,187,-228,-0.08298814296722412,220,-254,-0.08655417710542679
0,0,3.554355316737201e-07,43,-46,-0.057503893971443176,61,-111,-0.09130357950925827,55,-158,-0.12498591840267181,29,-195,-0.1522260308265686,-20,-185,-0.04169590771198273,-33,-249,-0.12220773100852966,-3,-224,-0.18366648256778717,19,-192,-0.21131381392478943,-63,-180,-0.04560289904475212,-97,-263,-0.09072345495223999,-120,-317,-0.13384802639484406,-148,-371,-0.16465657949447632,-95,-156,-0.06212809309363365,-131,-228,-0.10100074857473373,-154,-277,-0.1317518651485443,-176,-324,-0.1513582170009613,-120,-116,-0.08523304760456085,-151,-169,-0.10917378216981888,-175,-207,-0.11850565671920776,-198,-244,-0.12458162754774094
0,0,4.1408117112951004e-07,47,-53,-0.06422556936740875,68,-122,-0.10540295392274857,66,-172,-0.14702296257019043,51,-220,-0.18191899359226227,-4,-199,-0.045561231672763824,-6,-267,-0.13890482485294342,26,-236,-0.2107965499162674,48,-196,-0.24383482336997986,-51,-195,-0.050304509699344635,-82,-287,-0.10327759385108948,-100,-343,-0.15391632914543152,-124,-403,-0.18996620178222656,-87,-170,-0.06920646131038666,-120,-249,-0.11622048169374466,-143,-303,-0.15420973300933838,-167,-356,-0.17844431102275848,-115,-127,-0.09489918500185013,-145,-186,-0.12389253079891205,-169,-227,-0.13558179140090942,-194,-266,-0.14346805214881897
0,0,3.8862935980432667e-07,50,-53,-0.04197903722524643,80,-120,-0.07602272927761078,89,-171,-0.113328717648983,79,-213,-0.1454179584980011,18,-188,-0.04058002308011055,31,-252,-0.13045313954353333,62,-220,-0.19686810672283173,79,-183,-0.22660718858242035,-26,-186,-0.05664106830954552,-47,-279,-0.11231544613838196,-61,-337,-0.16065062582492828,-81,-395,-0.19390073418617249,-61,-161,-0.08337680250406265,-92,-238,-0.13227668404579163,-110,-288,-0.165546715259552,-130,-339,-0.18521958589553833,-89,-119,-0.11444106698036194,-115,-177,-0.1433299481868744,-133,-217,-0.15130896866321564,-152,-255,-0.15597395598888397
0,0,3.5279299481771886e-07,55,-44,-0.04016217216849327,87,-115,-0.07545580714941025,102,-166,-0.11381617933511734,92,-208,-0.15076306462287903,37,-178,-0.06839967519044876,57,-243,-0.16234101355075836,86,-213,-0.22884352505207062,99,-180,-0.26124879717826843,-4,-177,-0.09160590171813965,-18,-269,-0.15706081688404083,-26,-328,-0.21800559759140015,-43,-389,-0.2635687291622162,-40,-150,-0.12267306447029114,-64,-228,-0.1836080700159073,-80,-281,-0.2340589165687561,-99,-333,-0.26869526505470276,-71,-109,-0.1558583676815033,-93,-168,-0.19942405819892883,-106,-209,-0.22257135808467865,-122,-250,-0.24113482236862183
0,0,4.421376900154428e-07,44,-54,-0.057902541011571884,64,-128,-0.09372274577617645,54,-178,-0.13055230677127838,28,-216,-0.1612786501646042,-12,-201,-0.03849061205983162,-15,-267,-0.12842968106269836,16,-240,-0.1969241052865982,38,-203,-0.22744494676589966,-57,-195,-0.04491053894162178,-87,-286,-0.09433262795209885,-105,-343,-0.13902892172336578,-128,-402,-0.16969405114650726,-91,-169,-0.06537386775016785,-126,-247,-0.10937456041574478,-147,-299,-0.14260302484035492,-168,-351,-0.16287171840667725,-116,-125,-0.09256651252508163,-148,-182,-0.11970467120409012,-170,-221,-0.12944363057613373,-192,-258,-0.1352597028017044
0,0,4.954314363203594e-07,45,-48,-0.06832698732614517,67,-113,-0.11331913620233536,65,-157,-0.15738147497177124,42,-196,-0.1960185021162033,-10,-191,-0.06404370814561844,-15,-256,-0.15932989120483398,18,-229,-0.23184718191623688,41,-198,-0.26608169078826904,-55,-185,-0.0673423483967781,-89,-270,-0.12629850208759308,-108,-327,-0.18066903948783875,-133,-389,-0.2195945680141449,-88,-157,-0.08322833478450775,-122,-228,-0.1328059434890747,-146,-278,-0.17123515903949738,-171,-329,-0.19596165418624878,-113,-114,-0.10606065392494202,-144,-169,-0.13543565571308136,-167,-208,-0.1480296105146408,-189,-246,-0.15701177716255188
0,0,3.529917478317657e-07,36,-50,-0.06066800281405449,50,-115,-0.10066544264554977,48,-162,-0.14086908102035522,23,-198,-0.1750577688217163,-31,-195,-0.05348954722285271,-46,-261,-0.1423419564962387,-15,-232,-0.21093623340129852,8,-197,-0.24290530383586884,-77,-186,-0.05846257135272026,-117,-271,-0.10976245254278183,-141,-326,-0.15764105319976807,-171,-382,-0.19237685203552246,-110,-158,-0.0760544016957283,-153,-233,-0.11830153316259384,-180,-283,-0.15230265259742737,-208,-333,-0.1749860942363739,-132,-113,-0.10044459253549576,-170,-169,-0.12568877637386322,-197,-208,-0.13607846200466156,-223,-247,-0.14372706413269043
0,0,1.4966546757477772e-07,38,-3,-0.01731044426560402,67,-19,-0.02576535940170288,84,-40,-0.03609517216682434,87,-63,-0.04507824033498764,69,-65,-0.0008868409786373377,88,-91,-0.028399856761097908,91,-83,-0.05248148366808891,89,-72,-0.06458080559968948,54,-78,-0.005246731452643871,77,-112,-0.019251517951488495,92,-132,-0.03447656333446503,106,-151,-0.045893970876932144,36,-83,-0.015409105457365513,54,-115,-0.029722008854150772,66,-136,-0.041476957499980927,78,-155,-0.04920666664838791,14,-81,-0.028106285259127617,26,-108,-0.03825261443853378,34,-125,-0.04145844653248787,42,-141,-0.04371063411235809
0,0,1.551738506577749e-07,30,-1,-0.01506746094673872,57,-11,-0.024434011429548264,74,-25,-0.03555408865213394,82,-43,-0.045767754316329956,65,-52,-0.004441183991730213,85,-71,-0.03151290491223335,88,-62,-0.05462531000375748,87,-52,-0.06620408594608307,54,-65,-0.00985751859843731,77,-93,-0.024985795840620995,92,-109,-0.04013551026582718,106,-123,-0.05087047442793846,38,-71,-0.02014058828353882,55,-99,-0.034876368939876556,68,-118,-0.046562664210796356,81,-134,-0.054109472781419754,18,-70,-0.03247784450650215,29,-93,-0.0433555468916893,37,-109,-0.04702015221118927,46,-123,-0.04927150905132294
0,0,1.585615905241866e-07,26,-4,-0.013907181099057198,48,-16,-0.021378086879849434,59,-32,-0.030046379193663597,62,-48,-0.037849847227334976,50,-51,-0.003575252601876855,64,-71,-0.023816188797354698,65,-67,-0.04117300361394882,63,-61,-0.049893252551555634,39,-62,-0.007391173858195543,56,-89,-0.018282370641827583,67,-106,-0.02969026193022728,78,-119,-0.03782268613576889,25,-66,-0.015321863815188408,38,-93,-0.026200221851468086,48,-110,-0.035444967448711395,59,-124,-0.041520461440086365,8,-65,-0.025112498551607132,14,-87,-0.03331271931529045,21,-101,-0.03618496283888817,28,-112,-0.038010016083717346
0,0,1.6460040797028341e-07,24,-13,-0.01459028571844101,40,-37,-0.01990603469312191,44,-61,-0.025983309373259544,34,-75,-0.03105003945529461,35,-70,0.0030231066048145294,45,-94,-0.01649693213403225,51,-92,-0.03513874113559723,55,-86,-0.04533872380852699,21,-77,0.00021858794207219034,27,-111,-0.011107360944151878,30,-131,-0.023873737081885338,32,-148,-0.03278302028775215,6,-77,-0.007204029243439436,13,-107,-0.019275352358818054,19,-127,-0.029332153499126434,24,-146,-0.03564763069152832,-11,-71,-0.016590936109423637,-7,-93,-0.023969382047653198,-5,-108,-0.02547268383204937,-2,-122,-0.02674752287566662
0,0,2.0739133788083564e-07,30,-2,-0.013322887010872364,55,-16,-0.01863633468747139,70,-36,-0.025337476283311844,68,-52,-0.030912380665540695,55,-55,0.0041536507196724415,71,-76,-0.013942382298409939,73,-74,-0.03127178177237511,72,-68,-0.0398247130215168,43,-66,0.0016505856765434146,63,-96,-0.006138543598353863,75,-113,-0.016353586688637733,85,-126,-0.02367386221885681,29,-71,-0.0052478015422821045,45,-99,-0.01308563631027937,55,-116,-0.019920656457543373,65,-127,-0.0242268405854702,11,-72,-0.014342290349304676,22,-94,-0.018179429695010185,29,-107,-0.01719244383275509,35,-119,-0.016443729400634766
0,0,2.1720816789638775e-07,33,3,-0.01810578629374504,62,-8,-0.025524698197841644,79,-28,-0.033725351095199585,83,-49,-0.04050556570291519,65,-47,0.0005660368478856981,85,-68,-0.022481350228190422,86,-65,-0.04239276796579361,82,-57,-0.05135028436779976,54,-60,0.0001758865109877661,77,-88,-0.009853575378656387,92,-104,-0.020820800215005875,106,-119,-0.028437290340662003,39,-67,-0.005629850085824728,57,-93,-0.01565445400774479,69,-109,-0.023043647408485413,80,-122,-0.027329783886671066,20,-69,-0.014085331931710243,33,-90,-0.020803112536668777,41,-103,-0.021917982026934624,48,-115,-0.022200584411621094
0,0,1.680200796272402e-07,31,0,-0.009465276263654232,55,-22,-0.010034676641225815,68,-44,-0.013124081306159496,78,-60,-0.014793801121413708,53,-58,0.013075035996735096,72,-77,-0.006108351983129978,80,-74,-0.023540670052170753,81,-64,-0.030942996963858604,43,-70,0.0099114291369915,63,-98,0.003516067750751972,76,-116,-0.0048496173694729805,87,-131,-0.010525200515985489,31,-75,0.0013728182530030608,44,-103,-0.005743549205362797,54,-121,-0.012184944935142994,61,-135,-0.01594100333750248,15,-76,-0.00931119080632925,24,-99,-0.014776472002267838,30,-115,-0.016235265880823135,35,-129,-0.01677052490413189
0,0,9.760954355897411e-08,28,-3,-0.0033343497198075056,48,-28,-0.00258627999573946,59,-49,-0.005345281679183245,68,-65,-0.006703273858875036,47,-65,0.014181304723024368,66,-84,-0.005923665128648281,75,-79,-0.023240022361278534,76,-69,-0.030400525778532028,39,-76,0.00673453975468874,55,-108,-0.0004552860918920487,67,-125,-0.00814912747591734,76,-139,-0.013121558353304863,27,-79,-0.005551295820623636,37,-111,-0.013612215407192707,46,-131,-0.01976814493536949,52,-147,-0.023282403126358986,13,-77,-0.019373685121536255,21,-103,-0.026140524074435234,26,-121,-0.027951614931225777,30,-137,-0.028642429038882256
0,0,2.7055429541178455e-07,35,3,-0.019491231068968773,66,-18,-0.02466052584350109,85,-44,-0.02992795780301094,82,-66,-0.03377688303589821,63,-60,0.0015978326555341482,83,-88,-0.01946965977549553,86,-88,-0.03858199343085289,84,-80,-0.04725519195199013,50,-73,0.0027009006589651108,71,-106,-0.005858398042619228,86,-128,-0.017163733020424843,98,-146,-0.02524450421333313,33,-78,-0.0017161358846351504,50,-108,-0.010311855934560299,62,-126,-0.018369080498814583,72,-140,-0.02374080941081047,13,-78,-0.008886819705367088,23,-101,-0.014755254611372948,31,-115,-0.016017979010939598,37,-128,-0.016842825338244438
0,0,1.1029634805481692e-07,32,2,-0.01857277750968933,62,-19,-0.023556454107165337,76,-45,-0.029194915667176247,68,-63,-0.03386067971587181,66,-64,0.001787932706065476,83,-91,-0.020034482702612877,80,-90,-0.04048776999115944,73,-84,-0.0514104850590229,54,-75,-9.21724786167033e-05,74,-110,-0.010812417604029179,87,-132,-0.02394000068306923,98,-150,-0.033631522208452225,39,-79,-0.007578743156045675,58,-110,-0.019830923527479172,72,-130,-0.03129218891263008,84,-148,-0.03907688334584236,20,-77,-0.0177453625947237,34,-99,-0.028048867359757423,43,-114,-0.03276951611042023,52,-130,-0.03628921136260033
0,0,1.1540446109847835e-07,28,2,-0.01847211830317974,52,-18,-0.024061858654022217,59,-42,-0.029917310923337936,58,-63,-0.03318465128540993,55,-62,-0.003101724898442626,69,-87,-0.02718151919543743,64,-79,-0.04706483706831932,55,-69,-0.05590258538722992,46,-72,-0.004342216067016125,64,-108,-0.015315007418394089,79,-129,-0.027255525812506676,91,-147,-0.035974904894828796,34,-75,-0.011169467121362686,48,-105,-0.022959018126130104,62,-123,-0.03353197127580643,73,-140,-0.0401112362742424,21,-73,-0.020549392327666283,35,-96,-0.02842068113386631,45,-111,-0.03148005157709122,55,-124,-0.033735886216163635
0,0,2.0866605154878926e-07,37,4,-0.019460182636976242,71,-12,-0.025297855958342552,89,-36,-0.03172915056347847,91,-59,-0.03654666617512703,71,-56,0.0021821754053235054,92,-82,-0.021104687824845314,95,-80,-0.04169249162077904,91,-71,-0.05122218653559685,58,-71,0.002582298591732979,82,-102,-0.007599394768476486,97,-121,-0.01984926499426365,111,-137,-0.02865009382367134,41,-77,-0.002824016846716404,59,-107,-0.01266663521528244,72,-125,-0.02118828520178795,83,-140,-0.026757948100566864,20,-78,-0.01112451869994402,33,-101,-0.017666364088654518,41,-116,-0.019350916147232056,48,-130,-0.020419057458639145
0,0,2.162543353279034e-07,40,-2,-0.019859641790390015,72,-26,-0.02554512396454811,88,-54,-0.03259950131177902,93,-76,-0.03753575682640076,68,-74,0.004520374350249767,90,-103,-0.02425215393304825,95,-95,-0.049155041575431824,93,-80,-0.060075972229242325,51,-88,0.003182552754878998,73,-126,-0.008932839147746563,88,-149,-0.023347776383161545,100,-168,-0.03338746353983879,32,-92,-0.005005343817174435,48,-128,-0.016756955534219742,58,-151,-0.02758307009935379,67,-171,-0.03427518531680107,9,-90,-0.0163473691791296,20,-119,-0.024001818150281906,26,-138,-0.02638361230492592,32,-156,-0.027742931619286537
0,0,2.404086671958794e-07,43,3,-0.01781470701098442,78,-19,-0.023601092398166656,96,-46,-0.03157319501042366,107,-70,-0.038222260773181915,77,-68,0.003460557898506522,104,-94,-0.027937784790992737,113,-88,-0.054436665028333664,112,-74,-0.06611038744449615,63,-85,0.0002419433294562623,92,-123,-0.014108194969594479,110,-145,-0.02894897386431694,126,-164,-0.038744013756513596,44,-92,-0.009629463776946068,65,-129,-0.02372979000210762,79,-152,-0.0345672182738781,91,-171,-0.040741126984357834,22,-93,-0.0224001444876194,37,-122,-0.03203294426202774,46,-142,-0.033939335495233536,54,-159,-0.03445363789796829
0,0,1.8848982108465862e-07,39,6,-0.01688992604613304,78,-9,-0.023155396804213524,96,-32,-0.03124457225203514,105,-51,-0.037333402782678604,86,-58,0.0010782110039144754,118,-80,-0.031085778027772903,121,-70,-0.05832167714834213,112,-55,-0.06994792819023132,72,-76,-0.0022329622879624367,104,-111,-0.016412829980254173,125,-132,-0.032230500131845474,139,-149,-0.042942892760038376,54,-85,-0.011799625121057034,77,-118,-0.024392398074269295,92,-140,-0.036130327731370926,103,-159,-0.04329657554626465,32,-87,-0.024015657603740692,48,-114,-0.03214443102478981,57,-133,-0.034051235765218735,65,-151,-0.034664321690797806
0,0,2.380892425435377e-07,34,7,-0.016632888466119766,63,-5,-0.022260567173361778,83,-24,-0.02938666008412838,94,-43,-0.035048723220825195,68,-45,0.004481969401240349,93,-63,-0.018878012895584106,100,-59,-0.03911668434739113,98,-49,-0.04801669344305992,58,-61,0.0033908190671354532,86,-88,-0.006069704424589872,103,-103,-0.01632111333310604,117,-116,-0.02333029732108116,45,-70,-0.003506985493004322,65,-96,-0.01267908327281475,78,-112,-0.019696198403835297,89,-125,-0.023843839764595032,26,-74,-0.013196700252592564,41,-94,-0.01929854042828083,50,-109,-0.02022436447441578,57,-122,-0.02042410336434841
0,0,2.87005548216257e-07,32,6,-0.017777670174837112,60,-5,-0.02461249567568302,79,-26,-0.032329462468624115,90,-46,-0.038641560822725296,64,-44,0.0024688539560884237,87,-63,-0.021288366988301277,95,-59,-0.04173743352293968,96,-48,-0.05062422528862953,54,-59,0.0023972750641405582,80,-86,-0.0076560345478355885,96,-101,-0.018264394253492355,110,-113,-0.025133853778243065,41,-68,-0.0031747256871312857,60,-93,-0.01253048051148653,72,-109,-0.018611961975693703,83,-120,-0.021640056744217873,23,-72,-0.011504014953970909,37,-91,-0.01661762222647667,46,-105,-0.01592234894633293,53,-116,-0.014612648636102676
0,0,2.2917210174000502e-07,33,8,-0.019744163379073143,63,-5,-0.026752201840281487,80,-28,-0.03411540761590004,88,-49,-0.039602894335985184,67,-47,-0.0018851232016459107,93,-68,-0.027599448338150978,97,-63,-0.0487205870449543,92,-51,-0.057313140481710434,55,-62,-0.00104559026658535,81,-92,-0.011406424455344677,97,-108,-0.02227362059056759,110,-122,-0.029652150347828865,39,-71,-0.005934258922934532,58,-97,-0.014791492372751236,70,-114,-0.022165292873978615,80,-128,-0.026694288477301598,19,-74,-0.01372441928833723,33,-95,-0.019010009244084358,40,-110,-0.01981453225016594,47,-123,-0.0199347585439682
0,0,2.693156488930981e-07,36,7,-0.01628197729587555,68,-8,-0.02006210945546627,86,-30,-0.025003129616379738,92,-50,-0.028201047331094742,69,-51,0.004967247135937214,97,-73,-0.018638785928487778,103,-67,-0.03961372748017311,102,-55,-0.04845380783081055,57,-67,0.004506806377321482,85,-97,-0.0044548665173351765,103,-114,-0.01601913943886757,117,-128,-0.024031834676861763,41,-76,-0.001587131293490529,62,-104,-0.009356432594358921,75,-122,-0.017330223694443703,85,-136,-0.022266089916229248,22,-79,-0.010408495552837849,36,-102,-0.014409461058676243,44,-118,-0.014720961451530457,51,-131,-0.014641350135207176
0,0,2.7179777362107416e-07,39,-1,-0.01677405834197998,70,-19,-0.022560494020581245,89,-44,-0.029748016968369484,92,-66,-0.035407278686761856,68,-64,0.0021027943585067987,92,-92,-0.024619825184345245,99,-88,-0.04806894809007645,98,-76,-0.05827074125409126,54,-78,0.0006199218332767487,79,-114,-0.010485577397048473,97,-135,-0.02364116907119751,111,-153,-0.032598379999399185,36,-84,-0.0065086460672318935,54,-117,-0.016207652166485786,67,-137,-0.025011859834194183,77,-153,-0.030208546668291092,14,-84,-0.016385283321142197,27,-110,-0.021723546087741852,34,-127,-0.022122500464320183,41,-141,-0.021800732240080833
0,0,2.322576762026074e-07,37,-2,-0.02153511345386505,68,-22,-0.029262438416481018,86,-49,-0.037405747920274734,87,-74,-0.044758692383766174,66,-70,-0.00220628478564322,86,-97,-0.028026774525642395,90,-98,-0.05123782902956009,88,-91,-0.06277751922607422,50,-84,-0.0033141709864139557,72,-122,-0.015740854665637016,86,-146,-0.030695559456944466,98,-166,-0.04147184267640114,31,-89,-0.010183829814195633,49,-125,-0.02297181636095047,61,-149,-0.03497946262359619,72,-168,-0.04309185594320297,8,-87,-0.0198565274477005,19,-113,-0.03027651086449623,25,-130,-0.03401399403810501,30,-146,-0.03627528250217438
0,0,1.9897402125934605e-07,39,-6,-0.022244172170758247,68,-31,-0.03140828013420105,82,-60,-0.041377510875463486,78,-85,-0.049741972237825394,59,-80,-0.0042288294062018394,75,-113,-0.034450463950634,77,-108,-0.05986757576465607,74,-95,-0.07166098058223724,41,-91,-0.005280034150928259,59,-133,-0.01940898783504963,71,-158,-0.03457961976528168,83,-180,-0.04562121629714966,21,-93,-0.012694580480456352,33,-130,-0.02574172616004944,42,-155,-0.036790840327739716,51,-176,-0.04424288123846054,0,-88,-0.023279068991541862,7,-117,-0.03184989094734192,12,-136,-0.03444620594382286,16,-154,-0.036395054310560226
0,0,2.3308426477797184e-07,37,-7,-0.021444667130708694,65,-33,-0.029938247054815292,79,-63,-0.03932052105665207,71,-85,-0.047595009207725525,53,-81,-0.000867573544383049,67,-112,-0.028385905548930168,71,-111,-0.05293753743171692,71,-101,-0.0649804174900055,36,-92,-0.0022425465285778046,51,-133,-0.014801514334976673,62,-159,-0.028992105275392532,71,-181,-0.03943384066224098,17,-94,-0.00986768864095211,28,-131,-0.022122390568256378,35,-154,-0.03195071965456009,42,-174,-0.03844764456152916,-5,-88,-0.020716477185487747,2,-117,-0.0292827021330595,5,-136,-0.031441859900951385,8,-154,-0.032994937151670456
0,0,1.9350243007920653e-07,34,-12,-0.022146113216876984,59,-39,-0.03219993785023689,69,-69,-0.04356483742594719,58,-90,-0.052706021815538406,44,-89,-0.00016380520537495613,54,-122,-0.031127169728279114,58,-114,-0.05718280002474785,57,-98,-0.06881873309612274,26,-96,-0.0014460993697866797,36,-138,-0.015255596488714218,44,-163,-0.02912486158311367,52,-186,-0.038838133215904236,7,-96,-0.009721972048282623,13,-132,-0.022231873124837875,19,-156,-0.03129419684410095,24,-176,-0.03685832396149635,-13,-87,-0.02151588350534439,-10,-116,-0.029086073860526085,-9,-136,-0.030499644577503204,-8,-154,-0.03127187862992287
0,0,2.1094909641306003e-07,33,-12,-0.022336144000291824,56,-40,-0.03248167410492897,66,-70,-0.04361207038164139,56,-90,-0.05294352397322655,41,-87,-0.0018300935626029968,50,-121,-0.03107408806681633,53,-116,-0.055718064308166504,52,-102,-0.06699460744857788,23,-94,-0.0026240008883178234,32,-136,-0.016025548800826073,39,-162,-0.03007771633565426,45,-186,-0.04014558717608452,5,-93,-0.009950321167707443,10,-129,-0.022125961259007454,14,-154,-0.03236905857920647,18,-175,-0.03935271501541138,-14,-84,-0.020610539242625237,-11,-111,-0.02834692783653736,-10,-130,-0.030810365453362465,-9,-147,-0.032771721482276917
0,0,1.996988174823855e-07,33,-12,-0.021521244198083878,56,-40,-0.029246145859360695,64,-70,-0.03809865564107895,54,-88,-0.04470999911427498,42,-86,0.006462983321398497,49,-119,-0.01960071362555027,53,-114,-0.0425076000392437,53,-100,-0.05260536074638367,24,-92,0.006760724354535341,32,-132,-0.0038636350072920322,38,-157,-0.01648014970123768,44,-180,-0.025156451389193535,7,-90,0.00015666151011828333,13,-125,-0.009621300734579563,17,-148,-0.0179277490824461,21,-168,-0.023067913949489594,-12,-81,-0.009954535402357578,-8,-107,-0.015009691007435322,-6,-125,-0.015512645244598389,-4,-142,-0.015775803476572037
0,0,1.620869909402245e-07,31,-4,-0.01798568107187748,56,-23,-0.025278983637690544,70,-45,-0.03327544778585434,66,-65,-0.039834316819906235,51,-64,0.0007768099894747138,64,-89,-0.02147211693227291,66,-87,-0.041319865733385086,64,-79,-0.050526559352874756,37,-74,0.0006849401979707181,51,-106,-0.008110081776976585,60,-124,-0.018052048981189728,69,-141,-0.025212589651346207,21,-76,-0.004753677640110254,32,-104,-0.01273706741631031,39,-122,-0.01862909272313118,46,-137,-0.022405166178941727,4,-73,-0.01309646014124155,11,-95,-0.018007570877671242,15,-110,-0.018001606687903404,18,-124,-0.017769230529665947
0,0,1.8662555589799013e-07,29,-9,-0.016672145575284958,48,-31,-0.02247835136950016,56,-54,-0.028488246724009514,49,-70,-0.03366725891828537,38,-69,-0.00039617251604795456,43,-96,-0.01457495242357254,46,-100,-0.028192758560180664,48,-101,-0.03638998046517372,23,-75,-0.001005746191367507,28,-108,-0.010236289352178574,33,-128,-0.020508617162704468,39,-145,-0.027775069698691368,8,-75,-0.0055937026627361774,13,-104,-0.015532493591308594,18,-123,-0.023089559748768806,23,-140,-0.027681414037942886,-8,-68,-0.0123961316421628,-5,-91,-0.020237894728779793,-3,-106,-0.022806605324149132,0,-120,-0.02418367750942707
0,0,1.3100095941354084e-07,27,-15,-0.014815272763371468,42,-43,-0.018791718408465385,43,-70,-0.02376212179660797,32,-85,-0.026942672207951546,24,-78,0.005249840207397938,27,-109,-0.014734080992639065,31,-105,-0.03267217054963112,34,-94,-0.04070849344134331,10,-82,0.004703392740339041,11,-116,-0.003635317087173462,13,-138,-0.014138491824269295,14,-157,-0.02152485027909279,-4,-79,-0.00090735440608114,-3,-110,-0.008587334305047989,-1,-129,-0.01516646146774292,0,-146,-0.019357135519385338,-18,-71,-0.00897172000259161,-18,-93,-0.012708340771496296,-19,-107,-0.012460486963391304,-20,-120,-0.01216370053589344
0,0,2.2224939755233208e-07,29,-17,-0.025210967287421227,48,-48,-0.03686117008328438,49,-76,-0.04886655509471893,35,-94,-0.05828090012073517,23,-93,-0.002483329037204385,24,-127,-0.03337971493601799,27,-118,-0.05951327830553055,28,-102,-0.07054106891155243,4,-96,-0.0008495071087963879,4,-136,-0.014325116761028767,4,-162,-0.02819495089352131,4,-185,-0.03719450533390045,-13,-91,-0.006205097306519747,-13,-128,-0.017687568441033363,-14,-152,-0.02592042274773121,-13,-172,-0.030344361439347267,-29,-80,-0.01520476583391428,-30,-108,-0.020489884540438652,-32,-126,-0.020025093108415604,-33,-143,-0.01896774023771286
0,0,1.6550562520478707e-07,30,-17,-0.028178811073303223,50,-52,-0.040256060659885406,49,-85,-0.05245741456747055,29,-100,-0.061632078140974045,23,-102,-0.0028874475974589586,25,-138,-0.03552890568971634,27,-127,-0.06288780272006989,26,-108,-0.07508357614278793,3,-106,-0.0017375793540850282,4,-150,-0.01628786511719227,5,-178,-0.030810521915555,5,-204,-0.04076690599322319,-14,-101,-0.00843049120157957,-15,-140,-0.021940959617495537,-14,-166,-0.03257080540060997,-14,-189,-0.03891335427761078,-32,-88,-0.019208524376153946,-33,-118,-0.0266839861869812,-34,-138,-0.02848385088145733,-36,-157,-0.02957804501056671
0,0,2.478821556906041e-07,30,-12,-0.014399153180420399,49,-37,-0.018346279859542847,56,-60,-0.023171037435531616,51,-75,-0.02767261303961277,40,-72,0.003253655042499304,51,-99,-0.010036451742053032,57,-111,-0.02286691404879093,63,-118,-0.03059167042374611,24,-79,0.0009382441057823598,31,-114,-0.008217470720410347,37,-136,-0.01789487898349762,42,-155,-0.024406449869275093,8,-78,-0.005364636424928904,14,-110,-0.015753615647554398,19,-130,-0.023302722722291946,24,-147,-0.02772405929863453,-9,-73,-0.013777955435216427,-6,-96,-0.022052882239222527,-4,-112,-0.024707717821002007,0,-127,-0.026268506422638893
0,0,2.0195592753680103e-07,31,-3,-0.01524279173463583,58,-19,-0.022136667743325233,72,-40,-0.030659861862659454,67,-59,-0.03812878951430321,56,-57,0.004128439351916313,70,-79,-0.01849384233355522,72,-75,-0.03851859271526337,69,-65,-0.04765202850103378,43,-67,0.0017914464697241783,60,-95,-0.007820344530045986,73,-113,-0.018634650856256485,84,-129,-0.026062285527586937,28,-71,-0.005905215162783861,41,-98,-0.01537875086069107,51,-114,-0.022196119651198387,62,-127,-0.026289673522114754,10,-69,-0.01615418866276741,16,-91,-0.02210286445915699,22,-104,-0.022391170263290405,29,-115,-0.022220883518457413
0,0,2.4308934598593623e-07,39,-5,-0.01619802787899971,72,-24,-0.02557382546365261,91,-45,-0.038079794496297836,96,-68,-0.048750415444374084,71,-74,0.004158125724643469,95,-99,-0.03166513890028,100,-85,-0.062078531831502914,97,-67,-0.07553881406784058,56,-87,-0.0023893185425549746,84,-123,-0.019342495128512383,103,-144,-0.036867331713438034,119,-165,-0.048728786408901215,37,-92,-0.016048550605773926,58,-127,-0.03192479908466339,73,-151,-0.04512753710150719,87,-172,-0.0527958944439888,14,-90,-0.03247731551527977,26,-120,-0.04299120604991913,36,-141,-0.046170417219400406,45,-161,-0.04765258729457855
0,0,1.9956577546054177e-07,45,-2,-0.014708122238516808,82,-23,-0.02488032542169094,104,-48,-0.03894379362463951,115,-74,-0.05141264945268631,84,-65,0.00035429082345217466,112,-89,-0.040596555918455124,115,-71,-0.07248152047395706,109,-51,-0.08608876913785934,70,-79,-0.009093279018998146,104,-117,-0.029973454773426056,127,-139,-0.04777393862605095,148,-159,-0.059120018035173416,51,-85,-0.025673745200037956,76,-125,-0.04709388315677643,95,-150,-0.06081207096576691,112,-173,-0.06808315962553024,26,-83,-0.04451420158147812,43,-114,-0.05955859273672104,55,-136,-0.06323643028736115,66,-157,-0.06455083191394806
0,0,1.5915954065803817e-07,40,-9,-0.016720490530133247,72,-30,-0.02826129086315632,91,-51,-0.04307934269309044,92,-75,-0.055960942059755325,66,-79,-0.003224562620744109,86,-105,-0.04306890815496445,89,-85,-0.07558584958314896,84,-65,-0.0902065709233284,49,-91,-0.011846525594592094,71,-132,-0.0323951356112957,87,-157,-0.05133107304573059,101,-182,-0.06427223235368729,28,-93,-0.02730855718255043,44,-133,-0.04664190486073494,55,-160,-0.06054741516709328,66,-186,-0.06848042458295822,4,-86,-0.045375075191259384,12,-120,-0.05715573579072952,17,-143,-0.059646014124155045,23,-164,-0.06062401831150055
0,0,1.9278648721865466e-07,35,-15,-0.024723874405026436,61,-37,-0.04010913521051407,77,-58,-0.05737974867224693,74,-79,-0.07196730375289917,46,-89,-0.0075793080031871796,59,-117,-0.044616684317588806,57,-99,-0.07536602765321732,51,-80,-0.08947712182998657,26,-99,-0.01107374019920826,38,-141,-0.02930961176753044,46,-167,-0.04713737219572067,55,-193,-0.05984456092119217,5,-98,-0.021868962794542313,13,-139,-0.038643766194581985,18,-166,-0.05264955759048462,25,-191,-0.061308588832616806,-17,-90,-0.036015257239341736,-13,-122,-0.045778222382068634,-10,-144,-0.04905617609620094,-8,-164,-0.051148395985364914
0,0,1.0799315219855998e-07,31,-19,-0.02760627493262291,54,-52,-0.03985852003097534,56,-80,-0.05220247432589531,38,-92,-0.06110255420207977,29,-103,-0.0008768642437644303,31,-130,-0.03367161005735397,27,-107,-0.06304021179676056,21,-84,-0.0772339254617691,7,-108,-0.0010198488598689437,9,-149,-0.01679297350347042,10,-176,-0.032960470765829086,12,-201,-0.044367771595716476,-13,-104,-0.009115967899560928,-9,-143,-0.025065505877137184,-6,-170,-0.03827859088778496,-2,-195,-0.04608817771077156,-32,-91,-0.0208668764680624,-32,-123,-0.029413530603051186,-32,-144,-0.031584955751895905,-31,-165,-0.033084843307733536
0,0,1.7137261920652236e-07,36,-14,-0.023730194196105003,63,-36,-0.03860367462038994,75,-56,-0.05521474406123161,75,-78,-0.06914480775594711,45,-91,-0.008261837996542454,57,-117,-0.04530303552746773,55,-97,-0.07564625144004822,48,-77,-0.08939887583255768,26,-99,-0.01263719517737627,38,-142,-0.031662438064813614,47,-168,-0.04887256398797035,55,-193,-0.06070515885949135,4,-98,-0.024207428097724915,13,-140,-0.04252380505204201,20,-167,-0.05590847134590149,27,-192,-0.06341393291950226,-18,-89,-0.03881297633051872,-13,-122,-0.05020390823483467,-10,-145,-0.052809201180934906,-7,-166,-0.05367513746023178
0,0,1.827182529723359e-07,45,-3,-0.01780151203274727,85,-23,-0.027779819443821907,106,-49,-0.04075038805603981,112,-74,-0.05126319080591202,84,-72,0.0001597502123331651,113,-96,-0.04128090664744377,114,-75,-0.07392171770334244,108,-54,-0.08740156888961792,68,-87,-0.007064631674438715,97,-127,-0.026562467217445374,118,-150,-0.043949831277132034,136,-174,-0.05503203347325325,47,-93,-0.02186509221792221,68,-132,-0.041019272059202194,85,-158,-0.05428659915924072,100,-182,-0.061357881873846054,21,-89,-0.03943752124905586,35,-122,-0.0519038625061512,44,-144,-0.0544525571167469,52,-165,-0.05497493967413902
0,0,2.2376460151463107e-07,46,3,-0.013903632760047913,86,-12,-0.02561303600668907,109,-31,-0.04106730967760086,124,-49,-0.05492471903562546,97,-61,-0.005902394186705351,131,-80,-0.046770285815000534,135,-60,-0.07897987961769104,131,-41,-0.09371120482683182,84,-75,-0.01738075353205204,122,-111,-0.039827704429626465,146,-132,-0.060717396438121796,165,-153,-0.07495230436325073,64,-80,-0.034825101494789124,91,-119,-0.05650205537676811,110,-144,-0.07136204838752747,127,-167,-0.07993283867835999,38,-78,-0.05434442684054375,57,-111,-0.06944812089204788,70,-132,-0.07294289022684097,83,-153,-0.07427030801773071
0,0,1.9969522213614255e-07,43,5,-0.007337132003158331,83,-12,-0.01481142919510603,109,-28,-0.02775733545422554,132,-44,-0.03939741849899292,100,-55,0.0069394782185554504,135,-68,-0.031483832746744156,140,-53,-0.06281565129756927,134,-34,-0.07662075757980347,92,-70,-0.005381258670240641,130,-101,-0.023281844332814217,157,-118,-0.03959784656763077,179,-134,-0.05046408623456955,75,-77,-0.024213533848524094,102,-112,-0.041286900639534,123,-133,-0.051603566855192184,141,-152,-0.05747776851058006,52,-76,-0.04519366845488548,72,-104,-0.05795155465602875,86,-125,-0.06002694368362427,99,-143,-0.060286276042461395
0,0,1.4054378993932914e-07,44,4,0.0023270193487405777,85,-16,0.0012223627418279648,111,-31,-0.006790237035602331,133,-45,-0.013542328029870987,99,-54,0.018459705635905266,135,-64,-0.015461682341992855,140,-47,-0.044052984565496445,133,-28,-0.056396935135126114,93,-67,0.0026771791744977236,131,-98,-0.011958942748606205,159,-114,-0.026378009468317032,179,-129,-0.03610430285334587,77,-72,-0.019089573994278908,107,-106,-0.03391284868121147,128,-128,-0.04390091821551323,144,-147,-0.05007011815905571,56,-71,-0.0420876070857048,77,-98,-0.05336170643568039,92,-117,-0.0554269514977932,105,-135,-0.05646185949444771
0,0,4.67263873815682e-07,46,12,0.010774507187306881,71,7,0.03616904467344284,76,-12,0.05577791482210159,71,-29,0.0749940499663353,50,-22,0.09508518874645233,62,-35,0.1263415366411209,71,-42,0.13774046301841736,78,-45,0.14493225514888763,33,-39,0.09650272130966187,41,-51,0.1355939656496048,49,-60,0.14204561710357666,58,-63,0.1446673423051834,18,-51,0.09258748590946198,23,-63,0.12160984426736832,30,-69,0.12401304394006729,37,-70,0.12388785928487778,-2,-60,0.08725376427173615,-3,-73,0.11002880334854126,-1,-80,0.11814604699611664,1,-80,0.12360555678606033
0,0,4.212690214444592e-07,42,6,3.0322906241053715e-05,68,-11,0.014082169160246849,74,-35,0.024262240156531334,70,-52,0.03608810901641846,48,-44,0.05685143545269966,61,-64,0.06666035950183868,70,-67,0.06999365240335464,75,-60,0.07695583999156952,29,-57,0.06156374141573906,39,-78,0.0896507278084755,46,-90,0.10366246849298477,53,-98,0.11450189352035522,12,-66,0.06029548496007919,17,-85,0.08599890023469925,24,-96,0.09995414316654205,29,-101,0.10921210795640945,-9,-71,0.05606988072395325,-6,-89,0.0769960954785347,-3,-102,0.09027007967233658,-1,-110,0.10145798325538635
0,0,4.141324723150319e-07,43,-1,-0.02094653993844986,74,-26,-0.02252684347331524,85,-59,-0.02411305345594883,79,-81,-0.022698454558849335,58,-71,0.01779322884976864,73,-101,0.003887088969349861,81,-103,-0.007853682152926922,84,-93,-0.00859084352850914,37,-84,0.025221098214387894,50,-119,0.03140164539217949,59,-139,0.03631442412734032,65,-155,0.04244831204414368,15,-89,0.02531069703400135,24,-118,0.030810218304395676,31,-134,0.03917355090379715,36,-146,0.04724669083952904,-10,-89,0.02125534415245056,-4,-111,0.02783130668103695,0,-123,0.03835984319448471,2,-132,0.04864247143268585
0,0,3.9488580227953207e-07,43,-5,-0.027272077277302742,75,-37,-0.032625745981931686,88,-73,-0.03765322268009186,79,-97,-0.039317838847637177,59,-83,0.010576779954135418,73,-118,-0.01085023395717144,81,-121,-0.02826813980937004,84,-107,-0.032070670276880264,37,-94,0.018392233178019524,50,-134,0.01901402696967125,57,-157,0.020230185240507126,63,-176,0.023638982325792313,15,-97,0.017809048295021057,25,-129,0.018663309514522552,31,-147,0.02550293318927288,35,-159,0.0326736718416214,-10,-94,0.012211673893034458,-3,-117,0.015234898775815964,0,-131,0.024170611053705215,2,-142,0.03320802003145218
0,0,4.482262738747522e-07,45,-3,-0.010917638428509235,74,-23,-0.0011112531647086143,81,-50,0.008384102955460548,71,-64,0.01912100613117218,53,-55,0.04118605703115463,63,-75,0.05188813433051109,69,-83,0.05357072129845619,74,-83,0.05602269619703293,33,-64,0.0488860122859478,42,-87,0.06901673227548599,48,-101,0.07252813875675201,55,-108,0.07396820932626724,14,-67,0.05130097642540932,22,-88,0.06590764969587326,25,-92,0.0663849264383316,28,-89,0.06616898626089096,-8,-66,0.05116797983646393,-4,-82,0.06333605200052261,-1,-90,0.06715171039104462,2,-91,0.0696990042924881
0,0,4.1022221353159694e-07,39,-4,-0.012876782566308975,68,-28,-0.008281910791993141,75,-56,-0.0033986205235123634,66,-71,0.002472284948453307,49,-62,0.019953086972236633,57,-84,0.018186243250966072,63,-89,0.011607409454882145,67,-87,0.008664457127451897,30,-69,0.02381860837340355,39,-96,0.030326412990689278,45,-113,0.026854325085878372,51,-124,0.023867269977927208,12,-71,0.023494046181440353,17,-93,0.027471749112010002,22,-103,0.02564394287765026,26,-108,0.024490172043442726,-10,-67,0.020791713148355484,-7,-85,0.02579047717154026,-4,-94,0.02979903295636177,-2,-101,0.032822929322719574
0,0,2.575317239461583e-07,37,-19,-0.028512734919786453,60,-59,-0.03645488619804382,65,-98,-0.04385453462600708,50,-119,-0.04806148633360863,37,-108,0.002887301379814744,41,-151,-0.026143807917833328,42,-146,-0.05197349935770035,40,-130,-0.06262630969285965,14,-113,0.00689581548795104,17,-161,-0.0029320213943719864,18,-191,-0.014955277554690838,20,-215,-0.022686023265123367,-7,-109,0.002949604531750083,-5,-149,-0.0054938276298344135,-3,-174,-0.010665107518434525,-1,-194,-0.01310998760163784,-29,-97,-0.005456033628433943,-27,-126,-0.008428307250142097,-27,-145,-0.00468030758202076,-26,-161,-0.0011395824840292335
0,0,2.359314521527267e-07,44,-19,-0.031318821012973785,74,-59,-0.04398292303085327,82,-99,-0.057835761457681656,69,-129,-0.06838847696781158,48,-123,0.0022257226519286633,56,-168,-0.037315212190151215,62,-160,-0.07167620956897736,62,-143,-0.08724983781576157,24,-132,0.0014102812856435776,32,-189,-0.015567180700600147,38,-224,-0.0341942235827446,43,-255,-0.04727393761277199,0,-129,-0.00892561860382557,5,-176,-0.024517733603715897,8,-207,-0.036005064845085144,12,-235,-0.04293658956885338,-26,-115,-0.02424161694943905,-25,-153,-0.033088650554418564,-24,-177,-0.03373640030622482,-22,-201,-0.03380249813199043
0,0,2.8476196689553035e-07,51,-12,-0.02680908888578415,92,-50,-0.0368686243891716,111,-88,-0.04911079630255699,111,-119,-0.058514270931482315,75,-116,0.002951814327389002,99,-159,-0.0378669798374176,110,-149,-0.07242646813392639,111,-128,-0.08755404502153397,51,-130,-0.0003594850713852793,72,-185,-0.018271954730153084,86,-219,-0.038581132888793945,95,-249,-0.05267678573727608,25,-132,-0.012739951722323895,39,-181,-0.02993854135274887,48,-214,-0.04516163095831871,56,-243,-0.054670657962560654,-5,-123,-0.029352040961384773,4,-162,-0.041014108806848526,8,-190,-0.044735051691532135,12,-216,-0.04678867757320404
0,0,3.608328711379727e-07,50,-12,-0.028269896283745766,90,-45,-0.04122691601514816,109,-83,-0.0566219724714756,117,-118,-0.06925985962152481,80,-109,0.003550171386450529,105,-151,-0.03800498694181442,116,-145,-0.07290913909673691,119,-128,-0.08820990473031998,56,-125,0.0005188609939068556,80,-180,-0.017787864431738853,95,-213,-0.03636981174349785,107,-242,-0.048657458275556564,31,-128,-0.011906048282980919,47,-176,-0.029349150136113167,57,-209,-0.04111048951745033,65,-238,-0.047698479145765305,1,-121,-0.028957564383745193,12,-161,-0.040684107691049576,19,-187,-0.042087431997060776,25,-213,-0.041853148490190506
0,0,3.769545742215996e-07,51,-9,-0.026523390784859657,91,-46,-0.03743583709001541,110,-82,-0.05155635252594948,120,-112,-0.06242255121469498,80,-111,0.009016904979944229,108,-148,-0.03159307688474655,124,-137,-0.06641895323991776,131,-116,-0.0818551704287529,59,-126,0.005002354737371206,82,-179,-0.011141612194478512,99,-211,-0.02823316492140293,113,-240,-0.03984697163105011,35,-129,-0.008925685659050941,49,-177,-0.02432819828391075,60,-209,-0.03391475975513458,69,-236,-0.03932357206940651,6,-123,-0.027786312624812126,17,-161,-0.03808428347110748,22,-188,-0.038177214562892914,28,-213,-0.03718181326985359
0,0,3.182623800057627e-07,55,-4,-0.0263256523758173,100,-39,-0.03541817516088486,116,-78,-0.046668291091918945,120,-110,-0.055029112845659256,88,-103,0.008297637104988098,116,-139,-0.03167800232768059,127,-136,-0.06599006056785583,126,-121,-0.08058389276266098,65,-121,0.005914390552788973,89,-174,-0.010708668269217014,106,-205,-0.027339180931448936,119,-232,-0.037664175033569336,39,-127,-0.006036377977579832,56,-175,-0.022092480212450027,66,-206,-0.032590970396995544,73,-233,-0.03782458230853081,10,-122,-0.0224135909229517,23,-161,-0.032822009176015854,29,-187,-0.03321373090147972,33,-210,-0.03211957588791847
0,0,3.2530505222894135e-07,49,-9,-0.012782050296664238,83,-46,-0.01660059578716755,101,-79,-0.026089390739798546,113,-106,-0.03339611738920212,77,-102,0.02117077074944973,109,-135,-0.016730906441807747,124,-127,-0.04942428693175316,127,-106,-0.06274332851171494,59,-119,0.01288565807044506,85,-171,-0.00011281994375167415,104,-201,-0.013581597246229649,117,-226,-0.022002296522259712,38,-124,-0.004377715289592743,53,-171,-0.016752464696764946,64,-201,-0.023662783205509186,72,-226,-0.02681686542928219,12,-120,-0.02531733550131321,23,-157,-0.03358117863535881,28,-183,-0.032115016132593155,32,-206,-0.02961808070540428
0,0,2.586373852864199e-07,45,-7,-0.01880260556936264,80,-33,-0.027542822062969208,98,-60,-0.03928222507238388,106,-85,-0.0486186221241951,76,-88,0.003181769512593746,105,-120,-0.033336468040943146,114,-111,-0.06488257646560669,112,-94,-0.078665591776371,58,-105,-0.0016307976329699159,83,-152,-0.01650157943367958,100,-180,-0.032946500927209854,112,-204,-0.04450350999832153,36,-111,-0.01382861565798521,53,-154,-0.026041386649012566,63,-181,-0.03644030541181564,72,-204,-0.043124668300151825,10,-108,-0.0295729823410511,22,-142,-0.036711208522319794,27,-166,-0.036739133298397064,31,-187,-0.036230769008398056
0,0,2.7051916617892857e-07,44,-6,-0.022244226187467575,79,-30,-0.033771347254514694,96,-59,-0.047526728361845016,111,-86,-0.059595461934804916,74,-86,0.001003878889605403,95,-117,-0.03189403936266899,106,-114,-0.05978761240839958,111,-103,-0.07327679544687271,56,-100,-0.002696163021028042,79,-143,-0.018524019047617912,93,-169,-0.034067098051309586,107,-192,-0.04493368789553642,36,-103,-0.013549845665693283,51,-144,-0.028645234182476997,62,-170,-0.03822004795074463,72,-192,-0.04426072910428047,12,-99,-0.027988102287054062,23,-131,-0.03868456184864044,29,-153,-0.040392905473709106,35,-173,-0.041078221052885056
0,0,3.44748031011477e-07,41,-5,-0.017888853326439857,78,-32,-0.024760011583566666,98,-61,-0.034231625497341156,111,-85,-0.04132159799337387,73,-85,0.007915552705526352,98,-116,-0.023522555828094482,108,-111,-0.049760714173316956,109,-97,-0.060333002358675,56,-99,0.004058837424963713,83,-143,-0.009839562699198723,99,-169,-0.022638356313109398,113,-191,-0.02980460785329342,37,-105,-0.007057918235659599,55,-146,-0.02060171216726303,67,-171,-0.027782754972577095,76,-191,-0.030429409816861153,14,-102,-0.02142411656677723,27,-135,-0.029875582084059715,33,-156,-0.02886413037776947,39,-175,-0.026243925094604492
0,0,3.6603202602236706e-07,44,-5,-0.02539570815861225,84,-34,-0.03600746765732765,105,-66,-0.047845304012298584,116,-95,-0.05763429403305054,78,-88,-0.0008414797484874725,103,-118,-0.03502676635980606,115,-114,-0.06325113028287888,118,-101,-0.07567723840475082,59,-104,-0.00275345123372972,86,-148,-0.017788967117667198,103,-175,-0.03196115791797638,117,-199,-0.04118814319372177,38,-109,-0.012409227900207043,56,-150,-0.027195392176508904,66,-177,-0.035547491163015366,76,-199,-0.040093544870615005,12,-105,-0.02597322128713131,25,-138,-0.036077830940485,31,-159,-0.035918135195970535,36,-179,-0.03475997969508171
0,0,3.0736939038433775e-07,45,-4,-0.026529427617788315,88,-34,-0.03758293390274048,104,-69,-0.04975508153438568,113,-97,-0.059412356466054916,82,-91,-0.003617873415350914,110,-124,-0.04229123890399933,120,-118,-0.07354448735713959,119,-100,-0.08679318428039551,62,-108,-0.00509628327563405,90,-156,-0.02195444144308567,107,-185,-0.037899501621723175,121,-209,-0.04840283468365669,39,-114,-0.014613947831094265,57,-158,-0.030019106343388557,68,-186,-0.03985539823770523,78,-208,-0.04559427872300148,12,-109,-0.028219351544976234,25,-144,-0.03829659894108772,31,-167,-0.038804881274700165,36,-189,-0.03830505162477493
0,0,3.0343974799507123e-07,48,-3,-0.025869321078062057,88,-33,-0.035126298666000366,104,-70,-0.045862674713134766,116,-97,-0.054555218666791916,85,-90,0.0028498026076704264,111,-123,-0.033335428684949875,121,-122,-0.06440252810716629,121,-109,-0.07850628346204758,64,-109,0.0011728970566764474,92,-158,-0.013947483152151108,109,-188,-0.029661625623703003,123,-213,-0.04032285511493683,42,-116,-0.008948501199483871,59,-160,-0.02322501689195633,70,-188,-0.033496078103780746,79,-211,-0.03981082886457443,14,-113,-0.023271426558494568,26,-148,-0.03307776525616646,32,-171,-0.03434902802109718,37,-193,-0.03468073159456253
0,0,3.3476459293524385e-07,48,-7,-0.029507862403988838,87,-37,-0.04204961657524109,107,-72,-0.05600157752633095,109,-104,-0.06777460873126984,80,-99,-0.003561184275895357,107,-138,-0.043360769748687744,114,-132,-0.07713831961154938,110,-114,-0.0924607589840889,58,-116,-0.005208735819905996,86,-170,-0.02290266752243042,102,-202,-0.042520564049482346,116,-230,-0.0567321814596653,32,-121,-0.015495827421545982,50,-168,-0.031668029725551605,61,-198,-0.045741889625787735,71,-223,-0.05521208420395851,2,-117,-0.030123673379421234,14,-153,-0.040403593331575394,21,-178,-0.04297339916229248,26,-200,-0.04489601403474808
0,0,3.329036530885787e-07,51,-11,-0.032430972903966904,92,-44,-0.04733060300350189,112,-82,-0.06347928941249847,108,-119,-0.0774272233247757,81,-109,-0.004817285109311342,103,-152,-0.046858906745910645,108,-149,-0.08251690864562988,106,-134,-0.09914547950029373,56,-126,-0.006710398010909557,80,-184,-0.025477278977632523,95,-219,-0.0448775477707386,109,-250,-0.05876429006457329,29,-130,-0.017783183604478836,44,-181,-0.0348869189620018,55,-213,-0.047106340527534485,66,-240,-0.05513797327876091,-3,-123,-0.033782754093408585,6,-163,-0.045137375593185425,11,-190,-0.046472422778606415,16,-214,-0.04713020846247673
0,0,2.929441507149022e-07,50,-10,-0.033041294664144516,92,-43,-0.047263432294130325,112,-80,-0.06259409338235855,106,-114,-0.07499000430107117,79,-110,-0.0008357309270650148,102,-152,-0.043187953531742096,109,-144,-0.07978834211826324,109,-127,-0.09693557024002075,55,-126,-0.0025661324616521597,78,-182,-0.022795185446739197,95,-215,-0.044755641371011734,109,-245,-0.060222867876291275,29,-130,-0.013853954151272774,46,-179,-0.03356333076953888,59,-211,-0.0491144023835659,70,-239,-0.05858968570828438,-2,-123,-0.029935555532574654,9,-162,-0.042483773082494736,17,-188,-0.045831311494112015,24,-213,-0.04780394956469536
